Workbook

Sheet Raw Data
A1: PORT CODE | B1: DATE | C1: IEC | D1: HS CODE | E1: GOODS DESCRIPTION | F1: Master category | G1: Model Name | H1: Model Number | I1: Capacity | J1: Qty | K1: Unit of measure | L1: Price | M1: Unit of measure | N1: QUANTITY | O1: UNIT | P1: UNIT PRICE_INR | Q1: TOTAL VALUE_INR | R1: UNIT PRICE_USD | S1: TOTAL VALUE_USD | T1: DUTY PAID_INR
A2: INNSA1 | B2: 45958 | C2: 301049751 | D2: 73239990 | E2: TH5170 STEEL CUTLERY HOLDER (QTY:600 PCS/USD 2.03 PER PCS) TH5170 STEEL CUTLERY HOLDER (QTY:600 PCS/USD 2.03 PER PCS) | N2: 290 | O2: KGS | P2: 401.72531 | Q2: 116500.34 | R2: 4.5290339 | S2: 1313.4198 | T2: 32736.6
A3: INNSA1 | B3: 45958 | C3: 301049751 | D3: 73231000 | E3: 8001-2 STEEL SCRUBBER 2PCS SET (QTY: 336000 SETS/USD 0.139 PER SETS)8001-2 STEEL SCRUBBER 2PCS SET (QTY: 336000 SETS/USD 0.139 P | N3: 9800 | O3: KGS | P3: 440.60222 | Q3: 4317901.7 | R3: 4.9673305 | S3: 48679.839 | T3: 1898149.5
A4: INNSA1 | B4: 45953 | C4: 301049751 | D4: 73239990 | E4: MILD STEEL MULTI FUNCTION CLOTH STAND (RYX-02-020) (QTY: 1,232 PCS/CNY:101 PER PCS)MILD STEEL MULTI FUNCTION CLOTH STAND (RYX-02-020) (QTY: 1,2 | N4: 4004 | O4: KGS | P4: 408.89366 | Q4: 1637210.2 | R4: 4.6098496 | S4: 18457.838 | T4: 460056
A5: INNSA1 | B5: 45943 | C5: 301049751 | D5: 73239990 | E5: SB-12 STEEL TEA STRAINER BIG (QTY 6336 PCS/USD 0.973 PER PCS)SB-12 STEEL TEA STRAINER BIG (QTY 6336 PCS/USD 0.973 PER PCS | N5: 1548.8 | O5: KGS | P5: 378.45784 | Q5: 586155.51 | R5: 4.219151 | S5: 6534.6211 | T5: 164709.7
A6: INNSA1 | B6: 45943 | C6: 301049751 | D6: 73239990 | E6: SB-12 STEEL TEA STRAINER BIG (QTY 43038 PCS/USD 0.9718 PER PCS)SB-12 STEEL TEA STRAINER BIG (QTY 43038 PCS/USD 0.9718 PER P | N6: 10042.2 | O6: KGS | P6: 399.73967 | Q6: 4014265.8 | R6: 4.4564066 | S6: 44752.127 | T6: 1128008.7
A7: INNSA1 | B7: 45938 | C7: 301049751 | D7: 73239990 | E7: STEEL HANGER WITH HOOK (SL-89) (QTY:70056 PCS/CNY:7.45 PER PCS)STEEL HANGER WITH HOOK (SL-89) (QTY:70056 PCS/:7.45 | N7: 15568 | O7: KGS | P7: 432.15818 | Q7: 6727838.5 | R7: 4.8178169 | S7: 75003.774 | T7: 1890522.7
A8: INNSA1 | B8: 45936 | C8: 301049751 | D8: 73239990 | E8: STEEL HANGER 10PCS SET (AM-969) (QTY: 480 SET/USD 0.819 PERSET)STEEL HANGER 10PCS SET (AM-969) (QTY: 480 SET/USD 0.819 PER | N8: 380 | O8: KGS | P8: 100.44208 | Q8: 38167.99 | R8: 1.1197556 | S8: 425.50713 | T8: 10725.3
A9: INNSA1 | B9: 45931 | C9: 301049751 | D9: 73239990 | E9: AM-967 STEEL FRUIT BASKET (QTY 400 PCS/USD 1.031 PER PCS) AM-967 STEEL FRUIT BASKET (QTY 400 PCS/USD 1.031 PER PCS) | N9: 460 | O9: KGS | P9: 85.377826 | Q9: 39273.8 | R9: 0.96092095 | S9: 442.02364 | T9: 11036
A10: INNSA1 | B10: 45931 | C10: 301049751 | D10: 73239990 | E10: AM-966 STEEL FRUIT BASKET (QTY 400 PCS/USD 1.017 PER PCS) AM-966 STEEL FRUIT BASKET (QTY 400 PCS/USD 1.017 PER PCS) | N10: 310 | O10: KGS | P10: 124.96932 | Q10: 38740.49 | R10: 1.4065202 | S10: 436.02127 | T10: 10886.1
A11: INNSA1 | B11: 45931 | C11: 301049751 | D11: 73239990 | E11: AM-965 STEEL SPOON & FORK HOLDER (QTY 480 PCS/USD 0.734 PERPCS)AM-965 STEEL SPOON & FORK HOLDER (QTY 480 PCS/USD 0.734 PER | N11: 168 | O11: KGS | P11: 199.71571 | Q11: 33552.24 | R11: 2.2477852 | S11: 377.62791 | T11: 9428.1
A12: INNSA1 | B12: 45931 | C12: 301049751 | D12: 73231000 | E12: 8001-2 STEEL SCRUBBER 2 PCS SET (QTY 336000 SETS/USD 0.139 PER SETS)8001-2 STEEL SCRUBBER 2 PCS SET (QTY 336000 SETS/USD 0.139 P | N12: 9800 | O12: KGS | P12: 456.12539 | Q12: 4470028.8 | R12: 5.1336566 | S12: 50309.835 | T12: 1965024.7
A13: INNSA1 | B13: 45927 | C13: 301049751 | D13: 73231000 | E13: OKS-4156 STEEL SCRUBBER 6PCS SET (QTY: 93360 PCS /USD 0.228PER PCS)OKS-4156 STEEL SCRUBBER 6PCS SET (QTY: 93360 PCS /USD 0.228 | N13: 7496.03 | O13: KGS | P13: 263.57138 | Q13: 1975739 | R13: 2.9664758 | S13: 22236.792 | T13: 868534.9
... A2080: INNSA1 | B2080: 42748 | C2080: 301049751 | D2080: 73239990 | E2080: STAINLESS STEEL SPORTS BOTTLE 750ML S-308-C6-NP-20(TOTAL NET WT.284.83 KGS) | N2080: 1656 | O2080: PCS | P2080: 79.149233 | Q2080: 131071.13 | R2080: 1.1504249 | S2080: 1905.1036 | T2080: 22410.6

Sheet Cleaned Data
A1: PORT CODE | B1: DATE | C1: IEC | D1: HS CODE | E1: GOODS DESCRIPTION | F1: description_cleaned | G1: Master category | H1: Model Name | I1: Model Number | J1: Capacity | K1: Qty | L1: Unit of measure | M1: Price | N1: Unit of measure | O1: QUANTITY | P1: UNIT | Q1: UNIT PRICE_INR | R1: TOTAL VALUE_INR | S1: UNIT PRICE_USD | T1: TOTAL VALUE_USD | U1: DUTY PAID_INR | V1: Extracted_Model_Name | W1: Extracted_Qty | X1: Extracted_Unit_price | Y1: Extracted_Unit_price | Z1: Year | AA1: Main_category | AB1: Sub_category | AC1: HSN Description | AD1: Per Unit Cost USD | AE1: Add Per Unit Duty (INR) | AF1: Duty %
A2: ='Raw Data'!A2 -> INNSA1 | B2: ='Raw Data'!B2 -> 45958 | C2: ='Raw Data'!C2 -> 301049751 | D2: ='Raw Data'!D2 -> 73239990 | E2: ='Raw Data'!E2 -> TH5170 STEEL CUTLERY HOLDER (QTY:600 PCS/USD 2.03 PER PCS) TH5170 STEEL CUTLERY HOLDER (QTY:600 PCS/USD 2.03 PER PCS) | F2: =IFERROR(LEFT(E2, FIND(")", E2, FIND("QTY", UPPER(E2))) ), E2) -> TH5170 STEEL CUTLERY HOLDER (QTY:600 PCS/USD 2.03 PER PCS) | G2: ='Raw Data'!F2 -> 0 | H2: ='Raw Data'!G2 -> 0 | I2: ='Raw Data'!H2 -> 0 | J2: ='Raw Data'!I2 -> 0 | K2: ='Raw Data'!J2 -> 0 | L2: ='Raw Data'!K2 -> 0 | M2: ='Raw Data'!L2 -> 0 | N2: ='Raw Data'!M2 -> 0 | ... U2: ='Raw Data'!T2 -> 32736.6 | V2: =TRIM(LEFT(E2, FIND(" ", E2 & " ") - 1)) -> TH5170 | W2: =IFERROR( VALUE( SUBSTITUTE( SUBSTITUTE( TRIM( SUBSTITUTE( SUBSTITUTE( SUBSTITUTE( SUBSTITUTE( SUBSTITUTE( MID(F2, SEARCH("QTY",UPPER(F2)) + 3, MIN( IFERROR(SEARCH("PCS",UPPER(F2),SEARCH("QTY",UPPER(F2))),99999), IFERROR(SEARCH("PC",UPPER(F2),SEARCH("QTY",UPPER(F2))),99999), IFERROR(SEARCH("NOS",UPPER(F2),SEARCH("QTY",UPPER(F2))),99999), IFERROR(SEARCH("SET",UPPER(F2),SEARCH("QTY",UPPER(F2))),99999), IFERROR(SEARCH("PKT",UPPER(F2),SEARCH("QTY",UPPER(F2))),99999), IFERROR(SEARCH("NUM",UPPER(F2),SEARCH("QTY",UPPER(F2))),99999), IFERROR(SEARCH("/",UPPER(F2),SEARCH("QTY",UPPER(F2))),99999), IFERROR(SEARCH("PER",UPPER(F2),SEARCH("QTY",UPPER(F2))),99999), IFERROR(SEARCH("USD",UPPER(F2),SEARCH("QTY",UPPER(F2))),99999), IFERROR(SEARCH("CNY",UPPER(F2),SEARCH("QTY",UPPER(F2))),99999) ) - (SEARCH("QTY",UPPER(F2)) + 3) ), ":", ""), "(", ""), ")", ""), "PER", ""), "USD", "") ), ",", ""), "-", "") ), "") -> 600 | X2: =SEARCH("USD", UPPER(F2)) -> 42 | Y2: =R2+U2 -> 149236.94 | Z2: =YEAR(B2) -> 2025 | AA2: =IF( ISNUMBER(SEARCH("STEEL", F2)), "Steel", IF( ISNUMBER(SEARCH("SCRUBBER", F2)), "Cleaning", IF( ISNUMBER(SEARCH("BASKET", F2)), "Basket", IF( ISNUMBER(SEARCH("HANGER", F2)), "Hanger", IF( ISNUMBER(SEARCH("LUNCH BOX", F2)), "Lunch Box", IF( ISNUMBER(SEARCH("BOTTLE", F2)), "Bottle", "Other")))))) -> Steel | AB2: =IF( ISNUMBER(SEARCH("SCRUBBER", F2)), "Scrubber", IF( ISNUMBER(SEARCH("FRUIT BASKET", F2)), "Fruit Basket", IF( ISNUMBER(SEARCH("BASKET", F2)), "Basket", IF( ISNUMBER(SEARCH("CUTLERY", F2)), "Cutlery Holder", IF( ISNUMBER(SEARCH("TEA STRAINER", F2)), "Tea Strainer", IF( ISNUMBER(SEARCH("HANGER", F2)), "Hanger", IF( ISNUMBER(SEARCH("HOOK", F2)), "Hook", IF( ISNUMBER(SEARCH("LUNCH BOX", F2)), "Lunch Box", "Other")))))))) -> Cutlery Holder | AD2: =S2 -> 4.5290339 | AE2: =U2 / W2 -> 54.561 | AF2: =U2/R2 -> 0.28100004
A3: ='Raw Data'!A3 -> INNSA1 | B3: ='Raw Data'!B3 -> 45958 | C3: ='Raw Data'!C3 -> 301049751 | D3: ='Raw Data'!D3 -> 73231000 | E3: ='Raw Data'!E3 -> 8001-2 STEEL SCRUBBER 2PCS SET (QTY: 336000 SETS/USD 0.139 PER SETS)8001-2 STEEL SCRUBBER 2PCS SET (QTY: 336000 SETS/USD 0.139 P | F3: =IFERROR(LEFT(E3, FIND(")", E3, FIND("QTY", UPPER(E3))) ), E3) -> 8001-2 STEEL SCRUBBER 2PCS SET (QTY: 336000 SETS/USD 0.139 PER SETS) | O3: ='Raw Data'!N3 -> 9800 | P3: ='Raw Data'!O3 -> KGS | Q3: ='Raw Data'!P3 -> 440.60222 | R3: ='Raw Data'!Q3 -> 4317901.7 | S3: ='Raw Data'!R3 -> 4.9673305 | T3: ='Raw Data'!S3 -> 48679.839 | U3: ='Raw Data'!T3 -> 1898149.5 | V3: =TRIM(LEFT(E3, FIND(" ", E3 & " ") - 1)) -> 8001-2 | W3: =IFERROR( VALUE( SUBSTITUTE( SUBSTITUTE( TRIM( SUBSTITUTE( SUBSTITUTE( SUBSTITUTE( SUBSTITUTE( SUBSTITUTE( MID(F3, SEARCH("QTY",UPPER(F3)) + 3, MIN( IFERROR(SEARCH("PCS",UPPER(F3),SEARCH("QTY",UPPER(F3))),99999), IFERROR(SEARCH("PC",UPPER(F3),SEARCH("QTY",UPPER(F3))),99999), IFERROR(SEARCH("NOS",UPPER(F3),SEARCH("QTY",UPPER(F3))),99999), IFERROR(SEARCH("SET",UPPER(F3),SEARCH("QTY",UPPER(F3))),99999), IFERROR(SEARCH("PKT",UPPER(F3),SEARCH("QTY",UPPER(F3))),99999), IFERROR(SEARCH("NUM",UPPER(F3),SEARCH("QTY",UPPER(F3))),99999), IFERROR(SEARCH("/",UPPER(F3),SEARCH("QTY",UPPER(F3))),99999), IFERROR(SEARCH("PER",UPPER(F3),SEARCH("QTY",UPPER(F3))),99999), IFERROR(SEARCH("USD",UPPER(F3),SEARCH("QTY",UPPER(F3))),99999), IFERROR(SEARCH("CNY",UPPER(F3),SEARCH("QTY",UPPER(F3))),99999) ) - (SEARCH("QTY",UPPER(F3)) + 3) ), ":", ""), "(", ""), ")", ""), "PER", ""), "USD", "") ), ",", ""), "-", "") ), "") -> 336000 | X3: =SEARCH("USD", UPPER(F3)) -> 50 | Y3: =R3+U3 -> 6216051.2 | Z3: =YEAR(B3) -> 2025 | AA3: =IF( ISNUMBER(SEARCH("STEEL", F3)), "Steel", IF( ISNUMBER(SEARCH("SCRUBBER", F3)), "Cleaning", IF( ISNUMBER(SEARCH("BASKET", F3)), "Basket", IF( ISNUMBER(SEARCH("HANGER", F3)), "Hanger", IF( ISNUMBER(SEARCH("LUNCH BOX", F3)), "Lunch Box", IF( ISNUMBER(SEARCH("BOTTLE", F3)), "Bottle", "Other")))))) -> Steel | AB3: =IF( ISNUMBER(SEARCH("SCRUBBER", F3)), "Scrubber", IF( ISNUMBER(SEARCH("FRUIT BASKET", F3)), "Fruit Basket", IF( ISNUMBER(SEARCH("BASKET", F3)), "Basket", IF( ISNUMBER(SEARCH("CUTLERY", F3)), "Cutlery Holder", IF( ISNUMBER(SEARCH("TEA STRAINER", F3)), "Tea Strainer", IF( ISNUMBER(SEARCH("HANGER", F3)), "Hanger", IF( ISNUMBER(SEARCH("HOOK", F3)), "Hook", IF( ISNUMBER(SEARCH("LUNCH BOX", F3)), "Lunch Box", "Other")))))))) -> Scrubber | AD3: =S3 -> 4.9673305 | AE3: =U3 / W3 -> 5.6492545 | AF3: =U3/R3 -> 0.43959998
A4: ='Raw Data'!A4 -> INNSA1 | B4: ='Raw Data'!B4 -> 45953 | C4: ='Raw Data'!C4 -> 301049751 | D4: ='Raw Data'!D4 -> 73239990 | E4: ='Raw Data'!E4 -> MILD STEEL MULTI FUNCTION CLOTH STAND (RYX-02-020) (QTY: 1,232 PCS/CNY:101 PER PCS)MILD STEEL MULTI FUNCTION CLOTH STAND (RYX-02-020) (QTY: 1,2 | F4: =IFERROR(LEFT(E4, FIND(")", E4, FIND("QTY", UPPER(E4))) ), E4) -> MILD STEEL MULTI FUNCTION CLOTH STAND (RYX-02-020) (QTY: 1,232 PCS/CNY:101 PER PCS) | O4: ='Raw Data'!N4 -> 4004 | P4: ='Raw Data'!O4 -> KGS | Q4: ='Raw Data'!P4 -> 408.89366 | R4: ='Raw Data'!Q4 -> 1637210.2 | S4: ='Raw Data'!R4 -> 4.6098496 | T4: ='Raw Data'!S4 -> 18457.838 | U4: ='Raw Data'!T4 -> 460056 | V4: =TRIM(LEFT(E4, FIND(" ", E4 & " ") - 1)) -> MILD | W4: =IFERROR( VALUE( SUBSTITUTE( SUBSTITUTE( TRIM( SUBSTITUTE( SUBSTITUTE( SUBSTITUTE( SUBSTITUTE( SUBSTITUTE( MID(F4, SEARCH("QTY",UPPER(F4)) + 3, MIN( IFERROR(SEARCH("PCS",UPPER(F4),SEARCH("QTY",UPPER(F4))),99999), IFERROR(SEARCH("PC",UPPER(F4),SEARCH("QTY",UPPER(F4))),99999), IFERROR(SEARCH("NOS",UPPER(F4),SEARCH("QTY",UPPER(F4))),99999), IFERROR(SEARCH("SET",UPPER(F4),SEARCH("QTY",UPPER(F4))),99999), IFERROR(SEARCH("PKT",UPPER(F4),SEARCH("QTY",UPPER(F4))),99999), IFERROR(SEARCH("NUM",UPPER(F4),SEARCH("QTY",UPPER(F4))),99999), IFERROR(SEARCH("/",UPPER(F4),SEARCH("QTY",UPPER(F4))),99999), IFERROR(SEARCH("PER",UPPER(F4),SEARCH("QTY",UPPER(F4))),99999), IFERROR(SEARCH("USD",UPPER(F4),SEARCH("QTY",UPPER(F4))),99999), IFERROR(SEARCH("CNY",UPPER(F4),SEARCH("QTY",UPPER(F4))),99999) ) - (SEARCH("QTY",UPPER(F4)) + 3) ), ":", ""), "(", ""), ")", ""), "PER", ""), "USD", "") ), ",", ""), "-", "") ), "") -> 1232 | X4: =SEARCH("USD", UPPER(F4)) -> #VALUE! | Y4: =R4+U4 -> 2097266.2 | Z4: =YEAR(B4) -> 2025 | AA4: =IF( ISNUMBER(SEARCH("STEEL", F4)), "Steel", IF( ISNUMBER(SEARCH("SCRUBBER", F4)), "Cleaning", IF( ISNUMBER(SEARCH("BASKET", F4)), "Basket", IF( ISNUMBER(SEARCH("HANGER", F4)), "Hanger", IF( ISNUMBER(SEARCH("LUNCH BOX", F4)), "Lunch Box", IF( ISNUMBER(SEARCH("BOTTLE", F4)), "Bottle", "Other")))))) -> Steel | AB4: =IF( ISNUMBER(SEARCH("SCRUBBER", F4)), "Scrubber", IF( ISNUMBER(SEARCH("FRUIT BASKET", F4)), "Fruit Basket", IF( ISNUMBER(SEARCH("BASKET", F4)), "Basket", IF( ISNUMBER(SEARCH("CUTLERY", F4)), "Cutlery Holder", IF( ISNUMBER(SEARCH("TEA STRAINER", F4)), "Tea Strainer", IF( ISNUMBER(SEARCH("HANGER", F4)), "Hanger", IF( ISNUMBER(SEARCH("HOOK", F4)), "Hook", IF( ISNUMBER(SEARCH("LUNCH BOX", F4)), "Lunch Box", "Other")))))))) -> Other | AD4: =S4 -> 4.6098496 | AE4: =U4 / W4 -> 373.42208 | AF4: =U4/R4 -> 0.28099995
A5: ='Raw Data'!A5 -> INNSA1 | B5: ='Raw Data'!B5 -> 45943 | C5: ='Raw Data'!C5 -> 301049751 | D5: ='Raw Data'!D5 -> 73239990 | E5: ='Raw Data'!E5 -> SB-12 STEEL TEA STRAINER BIG (QTY 6336 PCS/USD 0.973 PER PCS)SB-12 STEEL TEA STRAINER BIG (QTY 6336 PCS/USD 0.973 PER PCS | F5: =IFERROR(LEFT(E5, FIND(")", E5, FIND("QTY", UPPER(E5))) ), E5) -> SB-12 STEEL TEA STRAINER BIG (QTY 6336 PCS/USD 0.973 PER PCS) | O5: ='Raw Data'!N5 -> 1548.8 | P5: ='Raw Data'!O5 -> KGS | Q5: ='Raw Data'!P5 -> 378.45784 | R5: ='Raw Data'!Q5 -> 586155.51 | S5: ='Raw Data'!R5 -> 4.219151 | T5: ='Raw Data'!S5 -> 6534.6211 | U5: ='Raw Data'!T5 -> 164709.7 | V5: =TRIM(LEFT(E5, FIND(" ", E5 & " ") - 1)) -> SB-12 | W5: =IFERROR( VALUE( SUBSTITUTE( SUBSTITUTE( TRIM( SUBSTITUTE( SUBSTITUTE( SUBSTITUTE( SUBSTITUTE( SUBSTITUTE( MID(F5, SEARCH("QTY",UPPER(F5)) + 3, MIN( IFERROR(SEARCH("PCS",UPPER(F5),SEARCH("QTY",UPPER(F5))),99999), IFERROR(SEARCH("PC",UPPER(F5),SEARCH("QTY",UPPER(F5))),99999), IFERROR(SEARCH("NOS",UPPER(F5),SEARCH("QTY",UPPER(F5))),99999), IFERROR(SEARCH("SET",UPPER(F5),SEARCH("QTY",UPPER(F5))),99999), IFERROR(SEARCH("PKT",UPPER(F5),SEARCH("QTY",UPPER(F5))),99999), IFERROR(SEARCH("NUM",UPPER(F5),SEARCH("QTY",UPPER(F5))),99999), IFERROR(SEARCH("/",UPPER(F5),SEARCH("QTY",UPPER(F5))),99999), IFERROR(SEARCH("PER",UPPER(F5),SEARCH("QTY",UPPER(F5))),99999), IFERROR(SEARCH("USD",UPPER(F5),SEARCH("QTY",UPPER(F5))),99999), IFERROR(SEARCH("CNY",UPPER(F5),SEARCH("QTY",UPPER(F5))),99999) ) - (SEARCH("QTY",UPPER(F5)) + 3) ), ":", ""), "(", ""), ")", ""), "PER", ""), "USD", "") ), ",", ""), "-", "") ), "") -> 6336 | X5: =SEARCH("USD", UPPER(F5)) -> 44 | Y5: =R5+U5 -> 750865.21 | Z5: =YEAR(B5) -> 2025 | AA5: =IF( ISNUMBER(SEARCH("STEEL", F5)), "Steel", IF( ISNUMBER(SEARCH("SCRUBBER", F5)), "Cleaning", IF( ISNUMBER(SEARCH("BASKET", F5)), "Basket", IF( ISNUMBER(SEARCH("HANGER", F5)), "Hanger", IF( ISNUMBER(SEARCH("LUNCH BOX", F5)), "Lunch Box", IF( ISNUMBER(SEARCH("BOTTLE", F5)), "Bottle", "Other")))))) -> Steel | AB5: =IF( ISNUMBER(SEARCH("SCRUBBER", F5)), "Scrubber", IF( ISNUMBER(SEARCH("FRUIT BASKET", F5)), "Fruit Basket", IF( ISNUMBER(SEARCH("BASKET", F5)), "Basket", IF( ISNUMBER(SEARCH("CUTLERY", F5)), "Cutlery Holder", IF( ISNUMBER(SEARCH("TEA STRAINER", F5)), "Tea Strainer", IF( ISNUMBER(SEARCH("HANGER", F5)), "Hanger", IF( ISNUMBER(SEARCH("HOOK", F5)), "Hook", IF( ISNUMBER(SEARCH("LUNCH BOX", F5)), "Lunch Box", "Other")))))))) -> Tea Strainer | AD5: =S5 -> 4.219151 | AE5: =U5 / W5 -> 25.995849 | AF5: =U5/R5 -> 0.281
A6: ='Raw Data'!A6 -> INNSA1 | B6: ='Raw Data'!B6 -> 45943 | C6: ='Raw Data'!C6 -> 301049751 | D6: ='Raw Data'!D6 -> 73239990 | E6: ='Raw Data'!E6 -> SB-12 STEEL TEA STRAINER BIG (QTY 43038 PCS/USD 0.9718 PER PCS)SB-12 STEEL TEA STRAINER BIG (QTY 43038 PCS/USD 0.9718 PER P | F6: =IFERROR(LEFT(E6, FIND(")", E6, FIND("QTY", UPPER(E6))) ), E6) -> SB-12 STEEL TEA STRAINER BIG (QTY 43038 PCS/USD 0.9718 PER PCS) | O6: ='Raw Data'!N6 -> 10042.2 | P6: ='Raw Data'!O6 -> KGS | Q6: ='Raw Data'!P6 -> 399.73967 | R6: ='Raw Data'!Q6 -> 4014265.8 | S6: ='Raw Data'!R6 -> 4.4564066 | T6: ='Raw Data'!S6 -> 44752.127 | U6: ='Raw Data'!T6 -> 1128008.7 | V6: =TRIM(LEFT(E6, FIND(" ", E6 & " ") - 1)) -> SB-12 | W6: =IFERROR( VALUE( SUBSTITUTE( SUBSTITUTE( TRIM( SUBSTITUTE( SUBSTITUTE( SUBSTITUTE( SUBSTITUTE( SUBSTITUTE( MID(F6, SEARCH("QTY",UPPER(F6)) + 3, MIN( IFERROR(SEARCH("PCS",UPPER(F6),SEARCH("QTY",UPPER(F6))),99999), IFERROR(SEARCH("PC",UPPER(F6),SEARCH("QTY",UPPER(F6))),99999), IFERROR(SEARCH("NOS",UPPER(F6),SEARCH("QTY",UPPER(F6))),99999), IFERROR(SEARCH("SET",UPPER(F6),SEARCH("QTY",UPPER(F6))),99999), IFERROR(SEARCH("PKT",UPPER(F6),SEARCH("QTY",UPPER(F6))),99999), IFERROR(SEARCH("NUM",UPPER(F6),SEARCH("QTY",UPPER(F6))),99999), IFERROR(SEARCH("/",UPPER(F6),SEARCH("QTY",UPPER(F6))),99999), IFERROR(SEARCH("PER",UPPER(F6),SEARCH("QTY",UPPER(F6))),99999), IFERROR(SEARCH("USD",UPPER(F6),SEARCH("QTY",UPPER(F6))),99999), IFERROR(SEARCH("CNY",UPPER(F6),SEARCH("QTY",UPPER(F6))),99999) ) - (SEARCH("QTY",UPPER(F6)) + 3) ), ":", ""), "(", ""), ")", ""), "PER", ""), "USD", "") ), ",", ""), "-", "") ), "") -> 43038 | X6: =SEARCH("USD", UPPER(F6)) -> 45 | Y6: =R6+U6 -> 5142274.5 | Z6: =YEAR(B6) -> 2025 | AA6: =IF( ISNUMBER(SEARCH("STEEL", F6)), "Steel", IF( ISNUMBER(SEARCH("SCRUBBER", F6)), "Cleaning", IF( ISNUMBER(SEARCH("BASKET", F6)), "Basket", IF( ISNUMBER(SEARCH("HANGER", F6)), "Hanger", IF( ISNUMBER(SEARCH("LUNCH BOX", F6)), "Lunch Box", IF( ISNUMBER(SEARCH("BOTTLE", F6)), "Bottle", "Other")))))) -> Steel | AB6: =IF( ISNUMBER(SEARCH("SCRUBBER", F6)), "Scrubber", IF( ISNUMBER(SEARCH("FRUIT BASKET", F6)), "Fruit Basket", IF( ISNUMBER(SEARCH("BASKET", F6)), "Basket", IF( ISNUMBER(SEARCH("CUTLERY", F6)), "Cutlery Holder", IF( ISNUMBER(SEARCH("TEA STRAINER", F6)), "Tea Strainer", IF( ISNUMBER(SEARCH("HANGER", F6)), "Hanger", IF( ISNUMBER(SEARCH("HOOK", F6)), "Hook", IF( ISNUMBER(SEARCH("LUNCH BOX", F6)), "Lunch Box", "Other")))))))) -> Tea Strainer | AD6: =S6 -> 4.4564066 | AE6: =U6 / W6 -> 26.209598 | AF6: =U6/R6 -> 0.28100001
A7: ='Raw Data'!A7 -> INNSA1 | B7: ='Raw Data'!B7 -> 45938 | C7: ='Raw Data'!C7 -> 301049751 | D7: ='Raw Data'!D7 -> 73239990 | E7: ='Raw Data'!E7 -> STEEL HANGER WITH HOOK (SL-89) (QTY:70056 PCS/CNY:7.45 PER PCS)STEEL HANGER WITH HOOK (SL-89) (QTY:70056 PCS/:7.45 | F7: =IFERROR(LEFT(E7, FIND(")", E7, FIND("QTY", UPPER(E7))) ), E7) -> STEEL HANGER WITH HOOK (SL-89) (QTY:70056 PCS/CNY:7.45 PER PCS) | O7: ='Raw Data'!N7 -> 15568 | P7: ='Raw Data'!O7 -> KGS | Q7: ='Raw Data'!P7 -> 432.15818 | R7: ='Raw Data'!Q7 -> 6727838.5 | S7: ='Raw Data'!R7 -> 4.8178169 | T7: ='Raw Data'!S7 -> 75003.774 | U7: ='Raw Data'!T7 -> 1890522.7 | V7: =TRIM(LEFT(E7, FIND(" ", E7 & " ") - 1)) -> STEEL | W7: =IFERROR( VALUE( SUBSTITUTE( SUBSTITUTE( TRIM( SUBSTITUTE( SUBSTITUTE( SUBSTITUTE( SUBSTITUTE( SUBSTITUTE( MID(F7, SEARCH("QTY",UPPER(F7)) + 3, MIN( IFERROR(SEARCH("PCS",UPPER(F7),SEARCH("QTY",UPPER(F7))),99999), IFERROR(SEARCH("PC",UPPER(F7),SEARCH("QTY",UPPER(F7))),99999), IFERROR(SEARCH("NOS",UPPER(F7),SEARCH("QTY",UPPER(F7))),99999), IFERROR(SEARCH("SET",UPPER(F7),SEARCH("QTY",UPPER(F7))),99999), IFERROR(SEARCH("PKT",UPPER(F7),SEARCH("QTY",UPPER(F7))),99999), IFERROR(SEARCH("NUM",UPPER(F7),SEARCH("QTY",UPPER(F7))),99999), IFERROR(SEARCH("/",UPPER(F7),SEARCH("QTY",UPPER(F7))),99999), IFERROR(SEARCH("PER",UPPER(F7),SEARCH("QTY",UPPER(F7))),99999), IFERROR(SEARCH("USD",UPPER(F7),SEARCH("QTY",UPPER(F7))),99999), IFERROR(SEARCH("CNY",UPPER(F7),SEARCH("QTY",UPPER(F7))),99999) ) - (SEARCH("QTY",UPPER(F7)) + 3) ), ":", ""), "(", ""), ")", ""), "PER", ""), "USD", "") ), ",", ""), "-", "") ), "") -> 70056 | X7: =SEARCH("USD", UPPER(F7)) -> #VALUE! | Y7: =R7+U7 -> 8618361.2 | Z7: =YEAR(B7) -> 2025 | AA7: =IF( ISNUMBER(SEARCH("STEEL", F7)), "Steel", IF( ISNUMBER(SEARCH("SCRUBBER", F7)), "Cleaning", IF( ISNUMBER(SEARCH("BASKET", F7)), "Basket", IF( ISNUMBER(SEARCH("HANGER", F7)), "Hanger", IF( ISNUMBER(SEARCH("LUNCH BOX", F7)), "Lunch Box", IF( ISNUMBER(SEARCH("BOTTLE", F7)), "Bottle", "Other")))))) -> Steel | AB7: =IF( ISNUMBER(SEARCH("SCRUBBER", F7)), "Scrubber", IF( ISNUMBER(SEARCH("FRUIT BASKET", F7)), "Fruit Basket", IF( ISNUMBER(SEARCH("BASKET", F7)), "Basket", IF( ISNUMBER(SEARCH("CUTLERY", F7)), "Cutlery Holder", IF( ISNUMBER(SEARCH("TEA STRAINER", F7)), "Tea Strainer", IF( ISNUMBER(SEARCH("HANGER", F7)), "Hanger", IF( ISNUMBER(SEARCH("HOOK", F7)), "Hook", IF( ISNUMBER(SEARCH("LUNCH BOX", F7)), "Lunch Box", "Other")))))))) -> Hanger | AD7: =S7 -> 4.8178169 | AE7: =U7 / W7 -> 26.985878 | AF7: =U7/R7 -> 0.28100001
A8: ='Raw Data'!A8 -> INNSA1 | B8: ='Raw Data'!B8 -> 45936 | C8: ='Raw Data'!C8 -> 301049751 | D8: ='Raw Data'!D8 -> 73239990 | E8: ='Raw Data'!E8 -> STEEL HANGER 10PCS SET (AM-969) (QTY: 480 SET/USD 0.819 PERSET)STEEL HANGER 10PCS SET (AM-969) (QTY: 480 SET/USD 0.819 PER | F8: =IFERROR(LEFT(E8, FIND(")", E8, FIND("QTY", UPPER(E8))) ), E8) -> STEEL HANGER 10PCS SET (AM-969) (QTY: 480 SET/USD 0.819 PERSET) | O8: ='Raw Data'!N8 -> 380 | P8: ='Raw Data'!O8 -> KGS | Q8: ='Raw Data'!P8 -> 100.44208 | R8: ='Raw Data'!Q8 -> 38167.99 | S8: ='Raw Data'!R8 -> 1.1197556 | T8: ='Raw Data'!S8 -> 425.50713 | U8: ='Raw Data'!T8 -> 10725.3 | V8: =TRIM(LEFT(E8, FIND(" ", E8 & " ") - 1)) -> STEEL | W8: =IFERROR( VALUE( SUBSTITUTE( SUBSTITUTE( TRIM( SUBSTITUTE( SUBSTITUTE( SUBSTITUTE( SUBSTITUTE( SUBSTITUTE( MID(F8, SEARCH("QTY",UPPER(F8)) + 3, MIN( IFERROR(SEARCH("PCS",UPPER(F8),SEARCH("QTY",UPPER(F8))),99999), IFERROR(SEARCH("PC",UPPER(F8),SEARCH("QTY",UPPER(F8))),99999), IFERROR(SEARCH("NOS",UPPER(F8),SEARCH("QTY",UPPER(F8))),99999), IFERROR(SEARCH("SET",UPPER(F8),SEARCH("QTY",UPPER(F8))),99999), IFERROR(SEARCH("PKT",UPPER(F8),SEARCH("QTY",UPPER(F8))),99999), IFERROR(SEARCH("NUM",UPPER(F8),SEARCH("QTY",UPPER(F8))),99999), IFERROR(SEARCH("/",UPPER(F8),SEARCH("QTY",UPPER(F8))),99999), IFERROR(SEARCH("PER",UPPER(F8),SEARCH("QTY",UPPER(F8))),99999), IFERROR(SEARCH("USD",UPPER(F8),SEARCH("QTY",UPPER(F8))),99999), IFERROR(SEARCH("CNY",UPPER(F8),SEARCH("QTY",UPPER(F8))),99999) ) - (SEARCH("QTY",UPPER(F8)) + 3) ), ":", ""), "(", ""), ")", ""), "PER", ""), "USD", "") ), ",", ""), "-", "") ), "") -> 480 | X8: =SEARCH("USD", UPPER(F8)) -> 47 | Y8: =R8+U8 -> 48893.29 | Z8: =YEAR(B8) -> 2025 | AA8: =IF( ISNUMBER(SEARCH("STEEL", F8)), "Steel", IF( ISNUMBER(SEARCH("SCRUBBER", F8)), "Cleaning", IF( ISNUMBER(SEARCH("BASKET", F8)), "Basket", IF( ISNUMBER(SEARCH("HANGER", F8)), "Hanger", IF( ISNUMBER(SEARCH("LUNCH BOX", F8)), "Lunch Box", IF( ISNUMBER(SEARCH("BOTTLE", F8)), "Bottle", "Other")))))) -> Steel | AB8: =IF( ISNUMBER(SEARCH("SCRUBBER", F8)), "Scrubber", IF( ISNUMBER(SEARCH("FRUIT BASKET", F8)), "Fruit Basket", IF( ISNUMBER(SEARCH("BASKET", F8)), "Basket", IF( ISNUMBER(SEARCH("CUTLERY", F8)), "Cutlery Holder", IF( ISNUMBER(SEARCH("TEA STRAINER", F8)), "Tea Strainer", IF( ISNUMBER(SEARCH("HANGER", F8)), "Hanger", IF( ISNUMBER(SEARCH("HOOK", F8)), "Hook", IF( ISNUMBER(SEARCH("LUNCH BOX", F8)), "Lunch Box", "Other")))))))) -> Hanger | AD8: =S8 -> 1.1197556 | AE8: =U8 / W8 -> 22.344375 | AF8: =U8/R8 -> 0.28100248
A9: ='Raw Data'!A9 -> INNSA1 | B9: ='Raw Data'!B9 -> 45931 | C9: ='Raw Data'!C9 -> 301049751 | D9: ='Raw Data'!D9 -> 73239990 | E9: ='Raw Data'!E9 -> AM-967 STEEL FRUIT BASKET (QTY 400 PCS/USD 1.031 PER PCS) AM-967 STEEL FRUIT BASKET (QTY 400 PCS/USD 1.031 PER PCS) | F9: =IFERROR(LEFT(E9, FIND(")", E9, FIND("QTY", UPPER(E9))) ), E9) -> AM-967 STEEL FRUIT BASKET (QTY 400 PCS/USD 1.031 PER PCS) | O9: ='Raw Data'!N9 -> 460 | P9: ='Raw Data'!O9 -> KGS | Q9: ='Raw Data'!P9 -> 85.377826 | R9: ='Raw Data'!Q9 -> 39273.8 | S9: ='Raw Data'!R9 -> 0.96092095 | T9: ='Raw Data'!S9 -> 442.02364 | U9: ='Raw Data'!T9 -> 11036 | V9: =TRIM(LEFT(E9, FIND(" ", E9 & " ") - 1)) -> AM-967 | W9: =IFERROR( VALUE( SUBSTITUTE( SUBSTITUTE( TRIM( SUBSTITUTE( SUBSTITUTE( SUBSTITUTE( SUBSTITUTE( SUBSTITUTE( MID(F9, SEARCH("QTY",UPPER(F9)) + 3, MIN( IFERROR(SEARCH("PCS",UPPER(F9),SEARCH("QTY",UPPER(F9))),99999), IFERROR(SEARCH("PC",UPPER(F9),SEARCH("QTY",UPPER(F9))),99999), IFERROR(SEARCH("NOS",UPPER(F9),SEARCH("QTY",UPPER(F9))),99999), IFERROR(SEARCH("SET",UPPER(F9),SEARCH("QTY",UPPER(F9))),99999), IFERROR(SEARCH("PKT",UPPER(F9),SEARCH("QTY",UPPER(F9))),99999), IFERROR(SEARCH("NUM",UPPER(F9),SEARCH("QTY",UPPER(F9))),99999), IFERROR(SEARCH("/",UPPER(F9),SEARCH("QTY",UPPER(F9))),99999), IFERROR(SEARCH("PER",UPPER(F9),SEARCH("QTY",UPPER(F9))),99999), IFERROR(SEARCH("USD",UPPER(F9),SEARCH("QTY",UPPER(F9))),99999), IFERROR(SEARCH("CNY",UPPER(F9),SEARCH("QTY",UPPER(F9))),99999) ) - (SEARCH("QTY",UPPER(F9)) + 3) ), ":", ""), "(", ""), ")", ""), "PER", ""), "USD", "") ), ",", ""), "-", "") ), "") -> 400 | X9: =SEARCH("USD", UPPER(F9)) -> 40 | Y9: =R9+U9 -> 50309.8 | Z9: =YEAR(B9) -> 2025 | AA9: =IF( ISNUMBER(SEARCH("STEEL", F9)), "Steel", IF( ISNUMBER(SEARCH("SCRUBBER", F9)), "Cleaning", IF( ISNUMBER(SEARCH("BASKET", F9)), "Basket", IF( ISNUMBER(SEARCH("HANGER", F9)), "Hanger", IF( ISNUMBER(SEARCH("LUNCH BOX", F9)), "Lunch Box", IF( ISNUMBER(SEARCH("BOTTLE", F9)), "Bottle", "Other")))))) -> Steel | AB9: =IF( ISNUMBER(SEARCH("SCRUBBER", F9)), "Scrubber", IF( ISNUMBER(SEARCH("FRUIT BASKET", F9)), "Fruit Basket", IF( ISNUMBER(SEARCH("BASKET", F9)), "Basket", IF( ISNUMBER(SEARCH("CUTLERY", F9)), "Cutlery Holder", IF( ISNUMBER(SEARCH("TEA STRAINER", F9)), "Tea Strainer", IF( ISNUMBER(SEARCH("HANGER", F9)), "Hanger", IF( ISNUMBER(SEARCH("HOOK", F9)), "Hook", IF( ISNUMBER(SEARCH("LUNCH BOX", F9)), "Lunch Box", "Other")))))))) -> Fruit Basket | AD9: =S9 -> 0.96092095 | AE9: =U9 / W9 -> 27.59 | AF9: =U9/R9 -> 0.28100158
A10: ='Raw Data'!A10 -> INNSA1 | B10: ='Raw Data'!B10 -> 45931 | C10: ='Raw Data'!C10 -> 301049751 | D10: ='Raw Data'!D10 -> 73239990 | E10: ='Raw Data'!E10 -> AM-966 STEEL FRUIT BASKET (QTY 400 PCS/USD 1.017 PER PCS) AM-966 STEEL FRUIT BASKET (QTY 400 PCS/USD 1.017 PER PCS) | F10: =IFERROR(LEFT(E10, FIND(")", E10, FIND("QTY", UPPER(E10))) ), E10) -> AM-966 STEEL FRUIT BASKET (QTY 400 PCS/USD 1.017 PER PCS) | O10: ='Raw Data'!N10 -> 310 | P10: ='Raw Data'!O10 -> KGS | Q10: ='Raw Data'!P10 -> 124.96932 | R10: ='Raw Data'!Q10 -> 38740.49 | S10: ='Raw Data'!R10 -> 1.4065202 | T10: ='Raw Data'!S10 -> 436.02127 | U10: ='Raw Data'!T10 -> 10886.1 | V10: =TRIM(LEFT(E10, FIND(" ", E10 & " ") - 1)) -> AM-966 | W10: =IFERROR( VALUE( SUBSTITUTE( SUBSTITUTE( TRIM( SUBSTITUTE( SUBSTITUTE( SUBSTITUTE( SUBSTITUTE( SUBSTITUTE( MID(F10, SEARCH("QTY",UPPER(F10)) + 3, MIN( IFERROR(SEARCH("PCS",UPPER(F10),SEARCH("QTY",UPPER(F10))),99999), IFERROR(SEARCH("PC",UPPER(F10),SEARCH("QTY",UPPER(F10))),99999), IFERROR(SEARCH("NOS",UPPER(F10),SEARCH("QTY",UPPER(F10))),99999), IFERROR(SEARCH("SET",UPPER(F10),SEARCH("QTY",UPPER(F10))),99999), IFERROR(SEARCH("PKT",UPPER(F10),SEARCH("QTY",UPPER(F10))),99999), IFERROR(SEARCH("NUM",UPPER(F10),SEARCH("QTY",UPPER(F10))),99999), IFERROR(SEARCH("/",UPPER(F10),SEARCH("QTY",UPPER(F10))),99999), IFERROR(SEARCH("PER",UPPER(F10),SEARCH("QTY",UPPER(F10))),99999), IFERROR(SEARCH("USD",UPPER(F10),SEARCH("QTY",UPPER(F10))),99999), IFERROR(SEARCH("CNY",UPPER(F10),SEARCH("QTY",UPPER(F10))),99999) ) - (SEARCH("QTY",UPPER(F10)) + 3) ), ":", ""), "(", ""), ")", ""), "PER", ""), "USD", "") ), ",", ""), "-", "") ), "") -> 400 | X10: =SEARCH("USD", UPPER(F10)) -> 40 | Y10: =R10+U10 -> 49626.59 | Z10: =YEAR(B10) -> 2025 | AA10: =IF( ISNUMBER(SEARCH("STEEL", F10)), "Steel", IF( ISNUMBER(SEARCH("SCRUBBER", F10)), "Cleaning", IF( ISNUMBER(SEARCH("BASKET", F10)), "Basket", IF( ISNUMBER(SEARCH("HANGER", F10)), "Hanger", IF( ISNUMBER(SEARCH("LUNCH BOX", F10)), "Lunch Box", IF( ISNUMBER(SEARCH("BOTTLE", F10)), "Bottle", "Other")))))) -> Steel | AB10: =IF( ISNUMBER(SEARCH("SCRUBBER", F10)), "Scrubber", IF( ISNUMBER(SEARCH("FRUIT BASKET", F10)), "Fruit Basket", IF( ISNUMBER(SEARCH("BASKET", F10)), "Basket", IF( ISNUMBER(SEARCH("CUTLERY", F10)), "Cutlery Holder", IF( ISNUMBER(SEARCH("TEA STRAINER", F10)), "Tea Strainer", IF( ISNUMBER(SEARCH("HANGER", F10)), "Hanger", IF( ISNUMBER(SEARCH("HOOK", F10)), "Hook", IF( ISNUMBER(SEARCH("LUNCH BOX", F10)), "Lunch Box", "Other")))))))) -> Fruit Basket | AD10: =S10 -> 1.4065202 | AE10: =U10 / W10 -> 27.21525 | AF10: =U10/R10 -> 0.28100058
A11: ='Raw Data'!A11 -> INNSA1 | B11: ='Raw Data'!B11 -> 45931 | C11: ='Raw Data'!C11 -> 301049751 | D11: ='Raw Data'!D11 -> 73239990 | E11: ='Raw Data'!E11 -> AM-965 STEEL SPOON & FORK HOLDER (QTY 480 PCS/USD 0.734 PERPCS)AM-965 STEEL SPOON & FORK HOLDER (QTY 480 PCS/USD 0.734 PER | F11: =IFERROR(LEFT(E11, FIND(")", E11, FIND("QTY", UPPER(E11))) ), E11) -> AM-965 STEEL SPOON & FORK HOLDER (QTY 480 PCS/USD 0.734 PERPCS) | O11: ='Raw Data'!N11 -> 168 | P11: ='Raw Data'!O11 -> KGS | Q11: ='Raw Data'!P11 -> 199.71571 | R11: ='Raw Data'!Q11 -> 33552.24 | S11: ='Raw Data'!R11 -> 2.2477852 | T11: ='Raw Data'!S11 -> 377.62791 | U11: ='Raw Data'!T11 -> 9428.1 | V11: =TRIM(LEFT(E11, FIND(" ", E11 & " ") - 1)) -> AM-965 | W11: =IFERROR( VALUE( SUBSTITUTE( SUBSTITUTE( TRIM( SUBSTITUTE( SUBSTITUTE( SUBSTITUTE( SUBSTITUTE( SUBSTITUTE( MID(F11, SEARCH("QTY",UPPER(F11)) + 3, MIN( IFERROR(SEARCH("PCS",UPPER(F11),SEARCH("QTY",UPPER(F11))),99999), IFERROR(SEARCH("PC",UPPER(F11),SEARCH("QTY",UPPER(F11))),99999), IFERROR(SEARCH("NOS",UPPER(F11),SEARCH("QTY",UPPER(F11))),99999), IFERROR(SEARCH("SET",UPPER(F11),SEARCH("QTY",UPPER(F11))),99999), IFERROR(SEARCH("PKT",UPPER(F11),SEARCH("QTY",UPPER(F11))),99999), IFERROR(SEARCH("NUM",UPPER(F11),SEARCH("QTY",UPPER(F11))),99999), IFERROR(SEARCH("/",UPPER(F11),SEARCH("QTY",UPPER(F11))),99999), IFERROR(SEARCH("PER",UPPER(F11),SEARCH("QTY",UPPER(F11))),99999), IFERROR(SEARCH("USD",UPPER(F11),SEARCH("QTY",UPPER(F11))),99999), IFERROR(SEARCH("CNY",UPPER(F11),SEARCH("QTY",UPPER(F11))),99999) ) - (SEARCH("QTY",UPPER(F11)) + 3) ), ":", ""), "(", ""), ")", ""), "PER", ""), "USD", "") ), ",", ""), "-", "") ), "") -> 480 | X11: =SEARCH("USD", UPPER(F11)) -> 47 | Y11: =R11+U11 -> 42980.34 | Z11: =YEAR(B11) -> 2025 | AA11: =IF( ISNUMBER(SEARCH("STEEL", F11)), "Steel", IF( ISNUMBER(SEARCH("SCRUBBER", F11)), "Cleaning", IF( ISNUMBER(SEARCH("BASKET", F11)), "Basket", IF( ISNUMBER(SEARCH("HANGER", F11)), "Hanger", IF( ISNUMBER(SEARCH("LUNCH BOX", F11)), "Lunch Box", IF( ISNUMBER(SEARCH("BOTTLE", F11)), "Bottle", "Other")))))) -> Steel | AB11: =IF( ISNUMBER(SEARCH("SCRUBBER", F11)), "Scrubber", IF( ISNUMBER(SEARCH("FRUIT BASKET", F11)), "Fruit Basket", IF( ISNUMBER(SEARCH("BASKET", F11)), "Basket", IF( ISNUMBER(SEARCH("CUTLERY", F11)), "Cutlery Holder", IF( ISNUMBER(SEARCH("TEA STRAINER", F11)), "Tea Strainer", IF( ISNUMBER(SEARCH("HANGER", F11)), "Hanger", IF( ISNUMBER(SEARCH("HOOK", F11)), "Hook", IF( ISNUMBER(SEARCH("LUNCH BOX", F11)), "Lunch Box", "Other")))))))) -> Other | AD11: =S11 -> 2.2477852 | AE11: =U11 / W11 -> 19.641875 | AF11: =U11/R11 -> 0.28099763
A12: ='Raw Data'!A12 -> INNSA1 | B12: ='Raw Data'!B12 -> 45931 | C12: ='Raw Data'!C12 -> 301049751 | D12: ='Raw Data'!D12 -> 73231000 | E12: ='Raw Data'!E12 -> 8001-2 STEEL SCRUBBER 2 PCS SET (QTY 336000 SETS/USD 0.139 PER SETS)8001-2 STEEL SCRUBBER 2 PCS SET (QTY 336000 SETS/USD 0.139 P | F12: =IFERROR(LEFT(E12, FIND(")", E12, FIND("QTY", UPPER(E12))) ), E12) -> 8001-2 STEEL SCRUBBER 2 PCS SET (QTY 336000 SETS/USD 0.139 PER SETS) | O12: ='Raw Data'!N12 -> 9800 | P12: ='Raw Data'!O12 -> KGS | Q12: ='Raw Data'!P12 -> 456.12539 | R12: ='Raw Data'!Q12 -> 4470028.8 | S12: ='Raw Data'!R12 -> 5.1336566 | T12: ='Raw Data'!S12 -> 50309.835 | U12: ='Raw Data'!T12 -> 1965024.7 | V12: =TRIM(LEFT(E12, FIND(" ", E12 & " ") - 1)) -> 8001-2 | W12: =IFERROR( VALUE( SUBSTITUTE( SUBSTITUTE( TRIM( SUBSTITUTE( SUBSTITUTE( SUBSTITUTE( SUBSTITUTE( SUBSTITUTE( MID(F12, SEARCH("QTY",UPPER(F12)) + 3, MIN( IFERROR(SEARCH("PCS",UPPER(F12),SEARCH("QTY",UPPER(F12))),99999), IFERROR(SEARCH("PC",UPPER(F12),SEARCH("QTY",UPPER(F12))),99999), IFERROR(SEARCH("NOS",UPPER(F12),SEARCH("QTY",UPPER(F12))),99999), IFERROR(SEARCH("SET",UPPER(F12),SEARCH("QTY",UPPER(F12))),99999), IFERROR(SEARCH("PKT",UPPER(F12),SEARCH("QTY",UPPER(F12))),99999), IFERROR(SEARCH("NUM",UPPER(F12),SEARCH("QTY",UPPER(F12))),99999), IFERROR(SEARCH("/",UPPER(F12),SEARCH("QTY",UPPER(F12))),99999), IFERROR(SEARCH("PER",UPPER(F12),SEARCH("QTY",UPPER(F12))),99999), IFERROR(SEARCH("USD",UPPER(F12),SEARCH("QTY",UPPER(F12))),99999), IFERROR(SEARCH("CNY",UPPER(F12),SEARCH("QTY",UPPER(F12))),99999) ) - (SEARCH("QTY",UPPER(F12)) + 3) ), ":", ""), "(", ""), ")", ""), "PER", ""), "USD", "") ), ",", ""), "-", "") ), "") -> 336000 | X12: =SEARCH("USD", UPPER(F12)) -> 50 | Y12: =R12+U12 -> 6435053.5 | Z12: =YEAR(B12) -> 2025 | AA12: =IF( ISNUMBER(SEARCH("STEEL", F12)), "Steel", IF( ISNUMBER(SEARCH("SCRUBBER", F12)), "Cleaning", IF( ISNUMBER(SEARCH("BASKET", F12)), "Basket", IF( ISNUMBER(SEARCH("HANGER", F12)), "Hanger", IF( ISNUMBER(SEARCH("LUNCH BOX", F12)), "Lunch Box", IF( ISNUMBER(SEARCH("BOTTLE", F12)), "Bottle", "Other")))))) -> Steel | AB12: =IF( ISNUMBER(SEARCH("SCRUBBER", F12)), "Scrubber", IF( ISNUMBER(SEARCH("FRUIT BASKET", F12)), "Fruit Basket", IF( ISNUMBER(SEARCH("BASKET", F12)), "Basket", IF( ISNUMBER(SEARCH("CUTLERY", F12)), "Cutlery Holder", IF( ISNUMBER(SEARCH("TEA STRAINER", F12)), "Tea Strainer", IF( ISNUMBER(SEARCH("HANGER", F12)), "Hanger", IF( ISNUMBER(SEARCH("HOOK", F12)), "Hook", IF( ISNUMBER(SEARCH("LUNCH BOX", F12)), "Lunch Box", "Other")))))))) -> Scrubber | AD12: =S12 -> 5.1336566 | AE12: =U12 / W12 -> 5.8482878 | AF12: =U12/R12 -> 0.43960001
A13: ='Raw Data'!A13 -> INNSA1 | B13: ='Raw Data'!B13 -> 45927 | C13: ='Raw Data'!C13 -> 301049751 | D13: ='Raw Data'!D13 -> 73231000 | E13: ='Raw Data'!E13 -> OKS-4156 STEEL SCRUBBER 6PCS SET (QTY: 93360 PCS /USD 0.228PER PCS)OKS-4156 STEEL SCRUBBER 6PCS SET (QTY: 93360 PCS /USD 0.228 | F13: =IFERROR(LEFT(E13, FIND(")", E13, FIND("QTY", UPPER(E13))) ), E13) -> OKS-4156 STEEL SCRUBBER 6PCS SET (QTY: 93360 PCS /USD 0.228PER PCS) | O13: ='Raw Data'!N13 -> 7496.03 | P13: ='Raw Data'!O13 -> KGS | Q13: ='Raw Data'!P13 -> 263.57138 | R13: ='Raw Data'!Q13 -> 1975739 | S13: ='Raw Data'!R13 -> 2.9664758 | T13: ='Raw Data'!S13 -> 22236.792 | U13: ='Raw Data'!T13 -> 868534.9 | V13: =TRIM(LEFT(E13, FIND(" ", E13 & " ") - 1)) -> OKS-4156 | W13: =IFERROR( VALUE( SUBSTITUTE( SUBSTITUTE( TRIM( SUBSTITUTE( SUBSTITUTE( SUBSTITUTE( SUBSTITUTE( SUBSTITUTE( MID(F13, SEARCH("QTY",UPPER(F13)) + 3, MIN( IFERROR(SEARCH("PCS",UPPER(F13),SEARCH("QTY",UPPER(F13))),99999), IFERROR(SEARCH("PC",UPPER(F13),SEARCH("QTY",UPPER(F13))),99999), IFERROR(SEARCH("NOS",UPPER(F13),SEARCH("QTY",UPPER(F13))),99999), IFERROR(SEARCH("SET",UPPER(F13),SEARCH("QTY",UPPER(F13))),99999), IFERROR(SEARCH("PKT",UPPER(F13),SEARCH("QTY",UPPER(F13))),99999), IFERROR(SEARCH("NUM",UPPER(F13),SEARCH("QTY",UPPER(F13))),99999), IFERROR(SEARCH("/",UPPER(F13),SEARCH("QTY",UPPER(F13))),99999), IFERROR(SEARCH("PER",UPPER(F13),SEARCH("QTY",UPPER(F13))),99999), IFERROR(SEARCH("USD",UPPER(F13),SEARCH("QTY",UPPER(F13))),99999), IFERROR(SEARCH("CNY",UPPER(F13),SEARCH("QTY",UPPER(F13))),99999) ) - (SEARCH("QTY",UPPER(F13)) + 3) ), ":", ""), "(", ""), ")", ""), "PER", ""), "USD", "") ), ",", ""), "-", "") ), "") -> 93360 | X13: =SEARCH("USD", UPPER(F13)) -> 51 | Y13: =R13+U13 -> 2844273.9 | Z13: =YEAR(B13) -> 2025 | AA13: =IF( ISNUMBER(SEARCH("STEEL", F13)), "Steel", IF( ISNUMBER(SEARCH("SCRUBBER", F13)), "Cleaning", IF( ISNUMBER(SEARCH("BASKET", F13)), "Basket", IF( ISNUMBER(SEARCH("HANGER", F13)), "Hanger", IF( ISNUMBER(SEARCH("LUNCH BOX", F13)), "Lunch Box", IF( ISNUMBER(SEARCH("BOTTLE", F13)), "Bottle", "Other")))))) -> Steel | AB13: =IF( ISNUMBER(SEARCH("SCRUBBER", F13)), "Scrubber", IF( ISNUMBER(SEARCH("FRUIT BASKET", F13)), "Fruit Basket", IF( ISNUMBER(SEARCH("BASKET", F13)), "Basket", IF( ISNUMBER(SEARCH("CUTLERY", F13)), "Cutlery Holder", IF( ISNUMBER(SEARCH("TEA STRAINER", F13)), "Tea Strainer", IF( ISNUMBER(SEARCH("HANGER", F13)), "Hanger", IF( ISNUMBER(SEARCH("HOOK", F13)), "Hook", IF( ISNUMBER(SEARCH("LUNCH BOX", F13)), "Lunch Box", "Other")))))))) -> Scrubber | AD13: =S13 -> 2.9664758 | AE13: =U13 / W13 -> 9.3030731 | AF13: =U13/R13 -> 0.43960003
A14: ='Raw Data'!A14 -> INNSA1 | B14: ='Raw Data'!B14 -> 45927 | C14: ='Raw Data'!C14 -> 301049751 | D14: ='Raw Data'!D14 -> 73231000 | E14: ='Raw Data'!E14 -> 8001-2 STEEL SCRUBBER 2PCS SET (QTY: 168000 SETS/USD 0.139 PER SETS)8001-2 STEEL SCRUBBER 2PCS SET (QTY: 168000 SETS/USD 0.139 P | F14: =IFERROR(LEFT(E14, FIND(")", E14, FIND("QTY", UPPER(E14))) ), E14) -> 8001-2 STEEL SCRUBBER 2PCS SET (QTY: 168000 SETS/USD 0.139 PER SETS) | O14: ='Raw Data'!N14 -> 4900 | P14: ='Raw Data'!O14 -> KGS | Q14: ='Raw Data'!P14 -> 442.07294 | R14: ='Raw Data'!Q14 -> 2166157.4 | S14: ='Raw Data'!R14 -> 4.9754973 | T14: ='Raw Data'!S14 -> 24379.937 | U14: ='Raw Data'!T14 -> 952242.8 | V14: =TRIM(LEFT(E14, FIND(" ", E14 & " ") - 1)) -> 8001-2 | W14: =IFERROR( VALUE( SUBSTITUTE( SUBSTITUTE( TRIM( SUBSTITUTE( SUBSTITUTE( SUBSTITUTE( SUBSTITUTE( SUBSTITUTE( MID(F14, SEARCH("QTY",UPPER(F14)) + 3, MIN( IFERROR(SEARCH("PCS",UPPER(F14),SEARCH("QTY",UPPER(F14))),99999), IFERROR(SEARCH("PC",UPPER(F14),SEARCH("QTY",UPPER(F14))),99999), IFERROR(SEARCH("NOS",UPPER(F14),SEARCH("QTY",UPPER(F14))),99999), IFERROR(SEARCH("SET",UPPER(F14),SEARCH("QTY",UPPER(F14))),99999), IFERROR(SEARCH("PKT",UPPER(F14),SEARCH("QTY",UPPER(F14))),99999), IFERROR(SEARCH("NUM",UPPER(F14),SEARCH("QTY",UPPER(F14))),99999), IFERROR(SEARCH("/",UPPER(F14),SEARCH("QTY",UPPER(F14))),99999), IFERROR(SEARCH("PER",UPPER(F14),SEARCH("QTY",UPPER(F14))),99999), IFERROR(SEARCH("USD",UPPER(F14),SEARCH("QTY",UPPER(F14))),99999), IFERROR(SEARCH("CNY",UPPER(F14),SEARCH("QTY",UPPER(F14))),99999) ) - (SEARCH("QTY",UPPER(F14)) + 3) ), ":", ""), "(", ""), ")", ""), "PER", ""), "USD", "") ), ",", ""), "-", "") ), "") -> 168000 | X14: =SEARCH("USD", UPPER(F14)) -> 50 | Y14: =R14+U14 -> 3118400.2 | Z14: =YEAR(B14) -> 2025 | AA14: =IF( ISNUMBER(SEARCH("STEEL", F14)), "Steel", IF( ISNUMBER(SEARCH("SCRUBBER", F14)), "Cleaning", IF( ISNUMBER(SEARCH("BASKET", F14)), "Basket", IF( ISNUMBER(SEARCH("HANGER", F14)), "Hanger", IF( ISNUMBER(SEARCH("LUNCH BOX", F14)), "Lunch Box", IF( ISNUMBER(SEARCH("BOTTLE", F14)), "Bottle", "Other")))))) -> Steel | AB14: =IF( ISNUMBER(SEARCH("SCRUBBER", F14)), "Scrubber", IF( ISNUMBER(SEARCH("FRUIT BASKET", F14)), "Fruit Basket", IF( ISNUMBER(SEARCH("BASKET", F14)), "Basket", IF( ISNUMBER(SEARCH("CUTLERY", F14)), "Cutlery Holder", IF( ISNUMBER(SEARCH("TEA STRAINER", F14)), "Tea Strainer", IF( ISNUMBER(SEARCH("HANGER", F14)), "Hanger", IF( ISNUMBER(SEARCH("HOOK", F14)), "Hook", IF( ISNUMBER(SEARCH("LUNCH BOX", F14)), "Lunch Box", "Other")))))))) -> Scrubber | AD14: =S14 -> 4.9754973 | AE14: =U14 / W14 -> 5.6681119 | AF14: =U14/R14 -> 0.43960001
... A2080: ='Raw Data'!A2080 -> INNSA1 | B2080: ='Raw Data'!B2080 -> 42748 | C2080: ='Raw Data'!C2080 -> 301049751 | D2080: ='Raw Data'!D2080 -> 73239990 | E2080: ='Raw Data'!E2080 -> STAINLESS STEEL SPORTS BOTTLE 750ML S-308-C6-NP-20(TOTAL NET WT.284.83 KGS) | F2080: =IFERROR(LEFT(E2080, FIND(")", E2080, FIND("QTY", UPPER(E2080))) ), E2080) -> STAINLESS STEEL SPORTS BOTTLE 750ML S-308-C6-NP-20(TOTAL NET WT.284.83 KGS) | O2080: ='Raw Data'!N2080 -> 1656 | P2080: ='Raw Data'!O2080 -> PCS | Q2080: ='Raw Data'!P2080 -> 79.149233 | R2080: ='Raw Data'!Q2080 -> 131071.13 | S2080: ='Raw Data'!R2080 -> 1.1504249 | T2080: ='Raw Data'!S2080 -> 1905.1036 | U2080: ='Raw Data'!T2080 -> 22410.6 | V2080: =TRIM(LEFT(E2080, FIND(" ", E2080 & " ") - 1)) -> STAINLESS | W2080: =IFERROR( VALUE( SUBSTITUTE( SUBSTITUTE( TRIM( SUBSTITUTE( SUBSTITUTE( SUBSTITUTE( SUBSTITUTE( SUBSTITUTE( MID(F2080, SEARCH("QTY",UPPER(F2080)) + 3, MIN( IFERROR(SEARCH("PCS",UPPER(F2080),SEARCH("QTY",UPPER(F2080))),99999), IFERROR(SEARCH("PC",UPPER(F2080),SEARCH("QTY",UPPER(F2080))),99999), IFERROR(SEARCH("NOS",UPPER(F2080),SEARCH("QTY",UPPER(F2080))),99999), IFERROR(SEARCH("SET",UPPER(F2080),SEARCH("QTY",UPPER(F2080))),99999), IFERROR(SEARCH("PKT",UPPER(F2080),SEARCH("QTY",UPPER(F2080))),99999), IFERROR(SEARCH("NUM",UPPER(F2080),SEARCH("QTY",UPPER(F2080))),99999), IFERROR(SEARCH("/",UPPER(F2080),SEARCH("QTY",UPPER(F2080))),99999), IFERROR(SEARCH("PER",UPPER(F2080),SEARCH("QTY",UPPER(F2080))),99999), IFERROR(SEARCH("USD",UPPER(F2080),SEARCH("QTY",UPPER(F2080))),99999), IFERROR(SEARCH("CNY",UPPER(F2080),SEARCH("QTY",UPPER(F2080))),99999) ) - (SEARCH("QTY",UPPER(F2080)) + 3) ), ":", ""), "(", ""), ")", ""), "PER", ""), "USD", "") ), ",", ""), "-", "") ), "") | X2080: =SEARCH("USD", UPPER(F2080)) -> #VALUE! | Y2080: =R2080+U2080 -> 153481.73 | Z2080: =YEAR(B2080) -> 2017 | AA2080: =IF( ISNUMBER(SEARCH("STEEL", F2080)), "Steel", IF( ISNUMBER(SEARCH("SCRUBBER", F2080)), "Cleaning", IF( ISNUMBER(SEARCH("BASKET", F2080)), "Basket", IF( ISNUMBER(SEARCH("HANGER", F2080)), "Hanger", IF( ISNUMBER(SEARCH("LUNCH BOX", F2080)), "Lunch Box", IF( ISNUMBER(SEARCH("BOTTLE", F2080)), "Bottle", "Other")))))) -> Steel | AB2080: =IF( ISNUMBER(SEARCH("SCRUBBER", F2080)), "Scrubber", IF( ISNUMBER(SEARCH("FRUIT BASKET", F2080)), "Fruit Basket", IF( ISNUMBER(SEARCH("BASKET", F2080)), "Basket", IF( ISNUMBER(SEARCH("CUTLERY", F2080)), "Cutlery Holder", IF( ISNUMBER(SEARCH("TEA STRAINER", F2080)), "Tea Strainer", IF( ISNUMBER(SEARCH("HANGER", F2080)), "Hanger", IF( ISNUMBER(SEARCH("HOOK", F2080)), "Hook", IF( ISNUMBER(SEARCH("LUNCH BOX", F2080)), "Lunch Box", "Other")))))))) -> Other | AD2080: =S2080 -> 1.1504249 | AE2080: =U2080 / W2080 -> #VALUE! | AF2080: =U2080/R2080 -> 0.17098044

Sheet Lookup_table

Sheet Year_Summary
A3: Row Labels | B3: Sum of DUTY PAID_INR | C3: Sum of TOTAL VALUE_INR | D3: Grand Total | E3: YOY %
A4: 2017 | B4: 32749950 | C4: 1.5824324e+08 | D4: =SUM(B4,C4) -> 1.9099319e+08 | E4: NA
A5: 2018 | B5: 82490492 | C5: 3.3422649e+08 | D5: =SUM(B5,C5) -> 4.1671698e+08 | E5: =(D5- D4)/D4 -> 1.1818421
A6: 2019 | B6: 1.040222e+08 | C6: 4.2140296e+08 | D6: =SUM(B6,C6) -> 5.2542517e+08 | E6: =(D6 - D5)/D5 -> 0.26086814
A7: 2020 | B7: 1.2030663e+08 | C7: 3.492895e+08 | D7: =SUM(B7,C7) -> 4.6959613e+08 | E7: =(D7 - D6)/D6 -> -0.10625497
A8: 2021 | B8: 1.8160358e+08 | C8: 4.8739781e+08 | D8: =SUM(B8,C8) -> 6.6900139e+08 | E8: =(D8 - D7)/D7 -> 0.42463139
A9: 2022 | B9: 2.804435e+08 | C9: 7.5432377e+08 | D9: =SUM(B9,C9) -> 1.0347673e+09 | E9: =(D9 - D8)/D8 -> 0.54673413
A10: 2023 | B10: 3.2152181e+08 | C10: 8.704074e+08 | D10: =SUM(B10,C10) -> 1.1919292e+09 | E10: =(D10 - D9)/D9 -> 0.15188142
A11: 2024 | B11: 1.6074949e+08 | C11: 4.2551804e+08 | D11: =SUM(B11,C11) -> 5.8626753e+08 | E11: =(D11 - D10)/D10 -> -0.50813561
A12: 2025 | B12: 1.4612916e+08 | C12: 3.9312917e+08 | D12: =SUM(B12,C12) -> 5.3925833e+08 | E12: =(D12 - D11)/D11 -> -0.08018386
A13: Grand Total | B13: 1.4300168e+09 | C13: 4.1939384e+09 | D13: =SUM(B13,C13) -> 5.6239552e+09

Sheet HSN Summary
A3: Row Labels | B3: Sum of TOTAL VALUE_INR | C3: Sum of DUTY PAID_INR | D3: Grand_Total_INR | E3: % Contribution | F3: rank
A4: 73231000 | B4: 3.353318e+08 | C4: 1.3858841e+08 | D4: =SUM(B4,C4) -> 4.7392021e+08 | E4: =D4 / SUM(D:D) -> 0.042134067 | F4: =RANK(E4, $E:$E, 0) -> 2
A5: 73239390 | B5: 15387697 | C5: 4195325.1 | D5: =SUM(B5,C5) -> 19583022 | E5: =D5 / SUM(D:D) -> 0.0017410364 | F5: =RANK(E5, $E:$E, 0) -> 3
A6: 73239990 | B6: 3.8432189e+09 | C6: 1.2872331e+09 | D6: =SUM(B6,C6) -> 5.130452e+09 | E6: =D6 / SUM(D:D) -> 0.4561249 | F6: =RANK(E6, $E:$E, 0) -> 1
A7: Grand Total | B7: 4.1939384e+09 | C7: 1.4300168e+09 | D7: =SUM(B7,C7) -> 5.6239552e+09

Sheet Model_Summary
A3: Row Labels | B3: Sum of QUANTITY | C3: Sum of TOTAL VALUE_INR | D3: Average of Per Unit Cost USD | E3: Average of Duty %
A4: 2017 | B4: 5091795 | C4: 1.5824324e+08 | D4: 1.3647889 | E4: 0.20387839
A5: 2018 | B5: 7043302.4 | C5: 3.3422649e+08 | D5: 2.2479205 | E5: 0.24787983
A6: 2019 | B6: 2284529.2 | C6: 4.2140296e+08 | D6: 5.2457551 | E6: 0.24673954
A7: 2020 | B7: 1025587.9 | C7: 3.492895e+08 | D7: 5.5697328 | E7: 0.33655195
A8: 2021 | B8: 1245831 | C8: 4.8739781e+08 | D8: 6.0588397 | E8: 0.37338895
A9: 2022 | B9: 1512130.2 | C9: 7.5432377e+08 | D9: 6.7207608 | E9: 0.37288263
A10: 2023 | B10: 2093382.6 | C10: 8.704074e+08 | D10: 6.0196043 | E10: 0.36947259
A11: 2024 | B11: 1135662.7 | C11: 4.2551804e+08 | D11: 5.3268903 | E11: 0.37695137
A12: 2025 | B12: 919858.48 | C12: 3.9312917e+08 | D12: 5.0631444 | E12: 0.37025266
A13: Grand Total | B13: 22352079 | C13: 4.1939384e+09 | D13: 5.0754015 | E13: 0.32713447
